Apartments in Mumbai,,,,,,
Owner_info,BHK_Info,Price,Locality,Area in Sqft,Construction status,Price per/sqft
BUILDER,1, 52 L,Ulwe,745,Under Construction,"6,979 / sq ft"
BUILDER,2, 1.76 Cr,Kandivali West,720,Under Construction,"24,444 / sq ft"
BUILDER,2, 1.64 Cr,Malad West,702,Under Construction,"23,362 / sq ft"
BUILDER,1, 20.99 L,Khopoli,457,Ready to move,"4,593 / sq ft"
BUILDER,4, 1.25 Cr,Kalyan West,1400,Ready to move,"8,928 / sq ft"
BUILDER,2, 1.35 Cr,Malad West,896,Ready to move,"15,066 / sq ft"
BUILDER,2, 1.99 Cr,Dahisar,704,Ready to move,"28,267 / sq ft"
BUILDER,2, 1.45 Cr,Kurla,737,Under Construction,"19,674 / sq ft"
BUILDER,2, 1.5 Cr,Kurla,686,Ready to move,"21,865 / sq ft"
BUILDER,2, 24.75 L,Saphale,512,Ready to move,"4,833 / sq ft"
BUILDER,1, 36.5 L,Vasai,444,Under Construction,"8,221 / sq ft"
BUILDER,1, 22.05 L,Ambernath West,320,Under Construction,"6,890 / sq ft"
BUILDER,1, 1.08 Cr,Borivali West,450,Under Construction,"24,000 / sq ft"
BUILDER,2, 39.79 L,Panvel,577,Under Construction,"6,897 / sq ft"
BUILDER,2, 1.3 Cr,Borivali West,627,Under Construction,"20,733 / sq ft"
BUILDER,1, 42 L,Kalyan East,500,Under Construction,"8,400 / sq ft"
BUILDER,1, 15.78 L,Neral,214,Under Construction,"7,378 / sq ft"
BUILDER,1, 25.24 L,Dombivali,495,Ready to move,"5,100 / sq ft"
BUILDER,1, 19.3 L,Kewale,380,Under Construction,"5,080 / sq ft"
BUILDER,1, 21.25 L,Diva,268,Under Construction,"7,929 / sq ft"
BUILDER,1, 28 L,Dronagiri,369,Under Construction,"7,588 / sq ft"
BUILDER,2, 2.24 Cr,Vashi,1275,Under Construction,"17,568 / sq ft"
BUILDER,4, 5.45 Cr,Borivali East,1997,Under Construction,"27,290 / sq ft"
BUILDER,2, 2.39 Cr,Santacruz East,638,Under Construction,"37,460 / sq ft"
BUILDER,1, 38.91 L,Kalyan East,735,Ready to move,"5,293 / sq ft"
BUILDER,2, 1.9 Cr,Chembur,720,Under Construction,"26,388 / sq ft"
BUILDER,1, 98 L,Ghatkopar West,443,Under Construction,"22,122 / sq ft"
BUILDER,2, 40.99 L,Badlapur East,654,Under Construction,"6,269 / sq ft"
BUILDER,2, 53 L,Kalyan West,870,Under Construction,"6,091 / sq ft"
BUILDER,1, 98 L,Andheri West,340,Under Construction,"28,823 / sq ft"
BUILDER,2, 88 L,Thane West,622,Under Construction,"14,147 / sq ft"
BUILDER,1, 22.99 L,Badlapur West,322,Under Construction,"7,142 / sq ft"
BUILDER,2, 72.56 L,Panvel,418,Under Construction,"17,359 / sq ft"
BUILDER,1, 31.99 L,Panvel,310,Under Construction,"10,322 / sq ft"
BUILDER,1, 34 L,Kalyan West,450,Under Construction,"7,555 / sq ft"
BUILDER,2, 82 L,Kalamboli,635,Under Construction,"12,913 / sq ft"
BUILDER,2, 48.5 L,Taloja,1055,Under Construction,"4,597 / sq ft"
BUILDER,2, 97.99 L,Mira Road East,571,Under Construction,"17,162 / sq ft"
BUILDER,1, 32.29 L,Ambernath East,494,Under Construction,"6,536 / sq ft"
BUILDER,2, 85 L,Ulwe,1165,Under Construction,"7,296 / sq ft"
BUILDER,3, 3.58 Cr,Kandivali West,1462,Under Construction,"24,487 / sq ft"
BUILDER,2, 1.48 Cr,Malad West,669,Under Construction,"22,272 / sq ft"
BUILDER,1, 20.99 L,Khopoli,457,Ready to move,"4,593 / sq ft"
BUILDER,3, 82.5 L,Kalyan West,930,Ready to move,"8,870 / sq ft"
BUILDER,1, 1.35 Cr,Goregaon East,485,Under Construction,"28,007 / sq ft"
BUILDER,3, 2.25 Cr,Dahisar,722,Ready to move,"31,163 / sq ft"
BUILDER,1, 81.3 L,Kurla,387,Under Construction,"21,007 / sq ft"
BUILDER,2, 1.51 Cr,Kurla,691,Ready to move,"21,852 / sq ft"
BUILDER,2, 24.75 L,Saphale,512,Ready to move,"4,833 / sq ft"
BUILDER,1, 37 L,Vasai,468,Under Construction,"7,906 / sq ft"
BUILDER,2, 30.13 L,Ambernath West,433,Under Construction,"6,958 / sq ft"
BUILDER,2, 1.5 Cr,Borivali West,630,Under Construction,"23,968 / sq ft"
BUILDER,1, 28.49 L,Panvel,410,Under Construction,"6,951 / sq ft"
BUILDER,2, 1.4 Cr,Borivali West,668,Under Construction,"20,958 / sq ft"
BUILDER,1, 42 L,Kalyan East,483,Under Construction,"8,714 / sq ft"
BUILDER,1, 12.99 L,Neral,192,Under Construction,"6,765 / sq ft"
BUILDER,1, 18.36 L,Dombivali,360,Ready to move,"5,100 / sq ft"
BUILDER,1, 21.77 L,Kewale,430,Under Construction,"5,063 / sq ft"
BUILDER,1, 22.5 L,Diva,281,Under Construction,"8,007 / sq ft"
BUILDER,1, 35.5 L,Dronagiri,428,Under Construction,"8,294 / sq ft"
BUILDER,2, 2.24 Cr,Vashi,1275,Under Construction,"17,568 / sq ft"
BUILDER,3, 4.65 Cr,Borivali East,1704,Under Construction,"27,288 / sq ft"
BUILDER,3, 3.4 Cr,Santacruz East,891,Under Construction,"38,159 / sq ft"
BUILDER,1, 32.56 L,Kalyan East,615,Ready to move,"5,294 / sq ft"
BUILDER,2, 1.94 Cr,Chembur,726,Under Construction,"26,721 / sq ft"
BUILDER,1, 1.04 Cr,Ghatkopar West,470,Under Construction,"22,136 / sq ft"
BUILDER,2, 41 L,Badlapur East,661,Under Construction,"6,203 / sq ft"
BUILDER,1, 39.8 L,Kalyan West,641,Under Construction,"6,209 / sq ft"
BUILDER,1, 65 L,Thane West,429,Under Construction,"15,151 / sq ft"
BUILDER,1, 25.24 L,Badlapur West,351,Under Construction,"7,193 / sq ft"
BUILDER,2, 72.95 L,Panvel,426,Under Construction,"17,126 / sq ft"
BUILDER,1, 26.49 L,Panvel,277,Under Construction,"9,600 / sq ft"
BUILDER,1, 58 L,Kalamboli,454,Under Construction,"12,775 / sq ft"
BUILDER,2, 46.5 L,Taloja,1020,Under Construction,"4,558 / sq ft"
BUILDER,2, 84.5 L,Mira Road East,559,Under Construction,"15,118 / sq ft"
BUILDER,1, 32.29 L,Ambernath East,494,Under Construction,"6,536 / sq ft"
BUILDER,2, 85 L,Ulwe,1165,Under Construction,"7,296 / sq ft"
BUILDER,2, 2.05 Cr,Kandivali West,836,Under Construction,"24,583 / sq ft"
BUILDER,1, 1.13 Cr,Kandivali West,444,Under Construction,"25,450 / sq ft"
BUILDER,1, 18.99 L,Khopoli,407,Ready to move,"4,666 / sq ft"
BUILDER,2, 58.5 L,Kalyan West,635,Ready to move,"9,212 / sq ft"
BUILDER,2, 1.86 Cr,Goregaon East,666,Under Construction,"28,012 / sq ft"
BUILDER,3, 3.28 Cr,Dahisar,1177,Ready to move,"27,867 / sq ft"
BUILDER,1, 95.4 L,Kurla,456,Under Construction,"20,921 / sq ft"
BUILDER,2, 1.68 Cr,Kurla,723,Ready to move,"23,236 / sq ft"
BUILDER,1, 18 L,Saphale,383,Ready to move,"4,699 / sq ft"
BUILDER,1, 21 L,Panvel,300,Under Construction,"7,000 / sq ft"
BUILDER,2, 25.98 L,Neral,402,Under Construction,"6,481 / sq ft"
BUILDER,1, 34.42 L,Dombivali,675,Ready to move,"5,100 / sq ft"
BUILDER,1, 33.96 L,Kewale,675,Under Construction,"5,032 / sq ft"
BUILDER,1, 27.3 L,Diva,330,Under Construction,"8,272 / sq ft"
BUILDER,1, 38.5 L,Dronagiri,444,Under Construction,"8,671 / sq ft"
BUILDER,2, 1.8 Cr,Vashi,1090,Under Construction,"16,513 / sq ft"
BUILDER,2, 2.3 Cr,Borivali East,935,Under Construction,"24,598 / sq ft"
BUILDER,2, 2.3 Cr,Santacruz East,613,Under Construction,"37,520 / sq ft"
BUILDER,2, 48.12 L,Kalyan East,909,Ready to move,"5,293 / sq ft"
BUILDER,2, 1.87 Cr,Chembur,706,Under Construction,"26,487 / sq ft"
BUILDER,2, 1.33 Cr,Ghatkopar West,615,Under Construction,"21,811 / sq ft"
BUILDER,2, 43 L,Badlapur East,683,Under Construction,"6,296 / sq ft"
BUILDER,1, 32.33 L,Kalyan West,525,Under Construction,"6,158 / sq ft"
OWNER,Residential Plot, 5 L,kasaradavali thane west,1000,Resale,500 / sq ft
AGENT,1, 28 L,kasaradavali thane west,324,Ready to move,"8,641 / sq ft"
AGENT,1, 42 L,kasaradavali thane west,620,Ready to move,"6,774 / sq ft"
AGENT,1, 55 L,kasaradavali thane west,650,Ready to move,"8,461 / sq ft"
AGENT,1, 72 L,kasaradavali thane west,791,Ready to move,"9,102 / sq ft"
AGENT,1, 72 L,kasaradavali thane west,791,Ready to move,"9,102 / sq ft"
AGENT,1, 72 L,kasaradavali thane west,791,Ready to move,"9,102 / sq ft"
AGENT,1, 72 L,kasaradavali thane west,790,Ready to move,"9,113 / sq ft"
AGENT,1, 72 L,kasaradavali thane west,791,Ready to move,"9,102 / sq ft"
AGENT,1, 72 L,kasaradavali thane west,791,Ready to move,"9,102 / sq ft"
AGENT,1, 72 L,kasaradavali thane west,790,Ready to move,"9,113 / sq ft"
AGENT,1, 58 L,Kandivali East,400,Ready to move,"14,500 / sq ft"
AGENT,1, 54 L,Mira Road East,680,Ready to move,"7,941 / sq ft"
AGENT,1, 59 L,kasaradavali thane west,667,Ready to move,"8,845 / sq ft"
AGENT,1, 27.95 L,Shil Phata,610,Under Construction,"4,581 / sq ft"
AGENT,1, 27.95 L,Shil Phata,610,Under Construction,"4,581 / sq ft"
AGENT,2, 90 L,Ulwe,1200,Ready to move,"7,500 / sq ft"
AGENT,2, 58.5 L,kasaradavali thane west,765,Ready to move,"7,647 / sq ft"
AGENT,2, 82 L,kasaradavali thane west,837,Under Construction,"9,796 / sq ft"
AGENT,1, 53 L,kasaradavali thane west,761,Ready to move,"6,964 / sq ft"
AGENT,2, 58.5 L,kasaradavali thane west,761,Ready to move,"7,687 / sq ft"
AGENT,2, 58.5 L,kasaradavali thane west,761,Ready to move,"7,687 / sq ft"
AGENT,2, 58.5 L,kasaradavali thane west,761,Ready to move,"7,687 / sq ft"
AGENT,2, 58.5 L,kasaradavali thane west,761,Ready to move,"7,687 / sq ft"
AGENT,1, 60.26 L,kasaradavali thane west,613,Under Construction,"9,830 / sq ft"
AGENT,1, 24 L,Virar East,650,Ready to move,"3,692 / sq ft"
AGENT,1, 52 L,kasaradavali thane west,509,Ready to move,"10,216 / sq ft"
AGENT,1, 42 L,kasaradavali thane west,561,Ready to move,"7,486 / sq ft"
AGENT,2, 95 L,kasaradavali thane west,850,Ready to move,"11,176 / sq ft"
AGENT,2, 75 L,kasaradavali thane west,850,Ready to move,"8,823 / sq ft"
AGENT,1, 19 L,Panvel,440,Under Construction,"4,318 / sq ft"
AGENT,1, 53.5 L,Panvel,680,Ready to move,"7,867 / sq ft"
AGENT,1, 60 L,Mira Road East,665,Ready to move,"9,022 / sq ft"
AGENT,3, 2.37 Cr,Kanjurmarg,1250,Ready to move,"18,960 / sq ft"
AGENT,2, 67.5 L,Dombivali,1167,Under Construction,"5,784 / sq ft"
AGENT,1, 1.65 Cr,Wadala,511,Ready to move,"32,289 / sq ft"
AGENT,2, 1.8 Cr,Goregaon West,1150,Ready to move,"15,652 / sq ft"
AGENT,1, 29.9 L,Virar,634,Ready to move,"4,716 / sq ft"
AGENT,1, 31 L,Virar,660,Ready to move,"4,696 / sq ft"
AGENT,1, 27.5 L,Virar West,550,Ready to move,"5,000 / sq ft"
AGENT,2, 56 L,Dombivali,684,Under Construction,"8,187 / sq ft"
AGENT,1, 37 L,Ulwe,675,Under Construction,"5,481 / sq ft"
AGENT,2, 1.1 Cr,Nerul,800,Ready to move,"13,750 / sq ft"
AGENT,2, 32.99 L,Virar,710,Ready to move,"4,647 / sq ft"
AGENT,1, 45 L,kasaradavali thane west,509,Under Construction,"8,840 / sq ft"
AGENT,2, 1.1 Cr,kasaradavali thane west,1021,Ready to move,"10,773 / sq ft"
AGENT,2, 1.1 Cr,kasaradavali thane west,980,Ready to move,"11,224 / sq ft"
AGENT,2, 1.1 Cr,kasaradavali thane west,980,Ready to move,"11,224 / sq ft"
AGENT,2, 1.1 Cr,kasaradavali thane west,980,Ready to move,"11,224 / sq ft"
AGENT,2, 1.1 Cr,kasaradavali thane west,1021,Ready to move,"10,773 / sq ft"
AGENT,2, 1.1 Cr,kasaradavali thane west,1021,Ready to move,"10,773 / sq ft"
AGENT,2, 1.1 Cr,kasaradavali thane west,1021,Ready to move,"10,773 / sq ft"
AGENT,2, 1.1 Cr,kasaradavali thane west,1021,Ready to move,"10,773 / sq ft"
AGENT,2, 1.1 Cr,kasaradavali thane west,1021,Ready to move,"10,773 / sq ft"
AGENT,2, 1.1 Cr,kasaradavali thane west,1021,Ready to move,"10,773 / sq ft"
AGENT,2, 1.1 Cr,kasaradavali thane west,1021,Ready to move,"10,773 / sq ft"
AGENT,2, 1.1 Cr,kasaradavali thane west,1021,Ready to move,"10,773 / sq ft"
AGENT,2, 1.1 Cr,kasaradavali thane west,1021,Ready to move,"10,773 / sq ft"
AGENT,2, 1.09 Cr,kasaradavali thane west,990,Ready to move,"11,111 / sq ft"
AGENT,2, 94 L,kasaradavali thane west,1100,Ready to move,"8,545 / sq ft"
AGENT,2, 87 L,kasaradavali thane west,835,Under Construction,Price
AGENT,2, 85 L,kasaradavali thane west,800,Under Construction,Price
AGENT,1, 55 L,kasaradavali thane west,593,Under Construction,Price
AGENT,1, 54.75 L,kasaradavali thane west,635,Under Construction,"8,622 / sq ft"
AGENT,2, 1.13 Cr,Panvel,1299,Ready to move,"8,700 / sq ft"
AGENT,2, 1.17 Cr,Panvel,1350,Ready to move,"8,700 / sq ft"
AGENT,2, 94.13 L,Panvel,1082,Ready to move,"8,700 / sq ft"
AGENT,2, 73.98 L,kasaradavali thane west,668,Under Construction,"11,075 / sq ft"
AGENT,4, 2.4 Cr,kasaradavali thane west,3500,Under Construction,"6,857 / sq ft"
AGENT,1, 26.51 L,Thane West,324,Ready to move,"8,182 / sq ft"
AGENT,1, 56 L,kasaradavali thane west,695,Ready to move,"8,057 / sq ft"
AGENT,3, 1.52 Cr,Thane West,1115,Ready to move,"13,688 / sq ft"
AGENT,2, 87.47 L,Thane West,639,Ready to move,"13,689 / sq ft"
AGENT,2, 75.26 L,Thane West,550,Ready to move,"13,684 / sq ft"
AGENT,2, 97.33 L,Thane West,711,Ready to move,"13,689 / sq ft"
AGENT,3, 1.27 Cr,Thane West,934,Ready to move,"13,693 / sq ft"
AGENT,2, 87.43 L,Thane West,639,Ready to move,"13,704 / sq ft"
AGENT,2, 1.02 Cr,Thane West,747,Ready to move,"13,686 / sq ft"
AGENT,2, 86.07 L,Thane West,629,Ready to move,"13,684 / sq ft"
AGENT,2, 97.56 L,Thane West,713,Ready to move,"13,684 / sq ft"
AGENT,2, 74.57 L,Thane West,545,Ready to move,"13,708 / sq ft"
AGENT,2, 1.01 Cr,Thane West,744,Ready to move,"13,688 / sq ft"
AGENT,2, 87.03 L,Thane West,636,Ready to move,"13,684 / sq ft"
AGENT,2, 76.07 L,Thane West,556,Ready to move,"13,707 / sq ft"
AGENT,2, 1.94 Cr,Chembur,1050,Ready to move,"18,571 / sq ft"
AGENT,2, 1.85 Cr,Powai,1100,Ready to move,"16,818 / sq ft"
AGENT,2, 1.22 Cr,Kanjurmarg,555,Under Construction,"22,000 / sq ft"
AGENT,2, 1.55 Cr,Kanjurmarg,707,Under Construction,"22,000 / sq ft"
AGENT,1, 1 Cr,Kanjurmarg,457,Under Construction,"22,000 / sq ft"
AGENT,2, 1.61 Cr,Kanjurmarg,732,Under Construction,"22,000 / sq ft"
AGENT,2, 1.19 Cr,Thane West,593,Under Construction,"20,270 / sq ft"
AGENT,2, 98.99 L,Thane West,562,Under Construction,"17,647 / sq ft"
AGENT,3, 2.76 Cr,Thane West,1205,Under Construction,"22,972 / sq ft"
AGENT,5, 5.32 Cr,Thane West,2360,Under Construction,"22,561 / sq ft"
AGENT,4, 4.42 Cr,Thane West,1910,Under Construction,"23,174 / sq ft"
AGENT,4, 3.64 Cr,Thane West,1569,Under Construction,"23,217 / sq ft"
AGENT,2, 82 L,kasaradavali thane west,775,Ready to move,"10,580 / sq ft"
AGENT,2, 95 L,Ghansoli,900,Under Construction,"10,555 / sq ft"
AGENT,1, 45 L,Vasai,960,Ready to move,"4,687 / sq ft"
AGENT,3, 1.57 Cr,Borivali West,1280,Ready to move,"12,265 / sq ft"
AGENT,2, 90 L,Gulal Wadi,1250,Ready to move,"7,200 / sq ft"
AGENT,2, 95 L,Kandivali East,660,Ready to move,"14,393 / sq ft"
AGENT,2, 1.7 Cr,Kandivali East,1120,Ready to move,"15,178 / sq ft"
AGENT,2, 43 L,Andheri West,774,Ready to move,"5,555 / sq ft"
AGENT,1, 61 L,Kandivali East,400,Ready to move,"15,250 / sq ft"
AGENT,2, 1.35 Cr,Airoli,1245,Ready to move,"10,843 / sq ft"
AGENT,1, 27 L,Naigaon East,560,Ready to move,"4,821 / sq ft"
AGENT,2, 40 L,Naigaon East,650,Ready to move,"6,153 / sq ft"
AGENT,2, 47.8 L,Vasai,639,Under Construction,"7,480 / sq ft"
AGENT,2, 46.5 L,Vasai,636,Under Construction,"7,311 / sq ft"
AGENT,1, 34 L,Vasai,460,Under Construction,"7,391 / sq ft"
AGENT,1, 28 L,Naigaon East,296,Under Construction,"9,459 / sq ft"
AGENT,2, 49.91 L,Naigaon East,428,Under Construction,"11,662 / sq ft"
AGENT,1, 30 L,Naigaon East,303,Under Construction,"9,900 / sq ft"
AGENT,2, 47.93 L,Naigaon East,411,Under Construction,"11,662 / sq ft"
AGENT,1, 34 L,Naigaon East,327,Under Construction,"10,397 / sq ft"
AGENT,1, 28 L,Vasai,346,Under Construction,"8,092 / sq ft"
AGENT,1, 29 L,Naigaon East,247,Under Construction,"11,744 / sq ft"
AGENT,2, 50.26 L,Naigaon East,431,Under Construction,"11,662 / sq ft"
AGENT,2, 43.5 L,Vasai,543,Under Construction,"8,011 / sq ft"
AGENT,1, 28.51 L,Naigaon East,243,Under Construction,"11,735 / sq ft"
AGENT,2, 47.34 L,Naigaon East,406,Under Construction,"11,662 / sq ft"
AGENT,1, 29.09 L,Naigaon East,248,Under Construction,"11,731 / sq ft"
AGENT,2, 42 L,Vasai,524,Under Construction,"8,015 / sq ft"
AGENT,1, 29 L,Naigaon East,301,Under Construction,"9,634 / sq ft"
AGENT,1, 28.63 L,Naigaon East,244,Under Construction,"11,736 / sq ft"
AGENT,1, 33.72 L,Naigaon East,322,Under Construction,"10,472 / sq ft"
AGENT,2, 47.46 L,Naigaon East,407,Under Construction,"11,662 / sq ft"
AGENT,2, 43.5 L,Naigaon East,570,Under Construction,"7,631 / sq ft"
AGENT,1, 31.75 L,Naigaon East,407,Under Construction,"7,800 / sq ft"
AGENT,1, 21.5 L,Badlapur East,628,Ready to move,"3,423 / sq ft"
AGENT,3, 96.25 L,Mira Road East,1350,Under Construction,"7,129 / sq ft"
AGENT,2, 1.1 Cr,Kandivali East,985,Ready to move,"11,269 / sq ft"
AGENT,3, 95 L,Mira Road East,1235,Ready to move,"7,692 / sq ft"
AGENT,2, 90 L,kasaradavali thane west,1050,Ready to move,"8,571 / sq ft"
AGENT,2, 95 L,Malad East,800,Under Construction,"11,875 / sq ft"
AGENT,3, 2.21 Cr,Malad East,1800,Ready to move,"12,277 / sq ft"
AGENT,2, 80 L,Kalyan West,830,Ready to move,"9,638 / sq ft"
AGENT,2, 65 L,Kalyan West,900,Ready to move,"7,222 / sq ft"
OWNER,3, 2.6 Cr,Andheri West,1350,Ready to move,"19,259 / sq ft"
OWNER,1, 13.9 L,Neral,450,Under Construction,"3,088 / sq ft"
OWNER,1, 13.9 L,Neral,450,Under Construction,"3,088 / sq ft"
OWNER,1, 13.9 L,Neral,450,Under Construction,"3,088 / sq ft"
OWNER,3, 2.6 Cr,Andheri West,1350,Ready to move,"19,259 / sq ft"
OWNER,3, 2.6 Cr,Andheri West,1350,Ready to move,"19,259 / sq ft"
OWNER,3, 2.6 Cr,Andheri West,1350,Ready to move,"19,259 / sq ft"
OWNER,3, 2.6 Cr,Andheri West,1350,Ready to move,"19,259 / sq ft"
OWNER,3, 2.6 Cr,Andheri West,1350,Ready to move,"19,259 / sq ft"
OWNER,3, 2.6 Cr,Andheri West,1350,Ready to move,"19,259 / sq ft"
OWNER,3, 2.6 Cr,Andheri West,1350,Ready to move,"19,259 / sq ft"
OWNER,1, 13.9 L,Neral,450,Under Construction,"3,088 / sq ft"
OWNER,3, 2.6 Cr,Andheri West,1350,Ready to move,"19,259 / sq ft"
OWNER,1, 1.2 Cr,Santacruz East,450,Ready to move,"26,666 / sq ft"
OWNER,2, 60 L,Khar,1010,Ready to move,"5,940 / sq ft"
OWNER,1, 65 L,Mira Road East,450,Ready to move,"14,444 / sq ft"
OWNER,2, 2.4 Cr,Powai,940,Ready to move,"25,531 / sq ft"
OWNER,2, 84 L,Thakurli,885,Ready to move,"9,491 / sq ft"
OWNER,2, 27 L,Karjat,700,Under Construction,"3,857 / sq ft"
OWNER,3, 2.6 Cr,Andheri West,1350,Ready to move,"19,259 / sq ft"
OWNER,1, 98 L,Ghatkopar East,780,Ready to move,"12,564 / sq ft"
OWNER,1, 98 L,Ghatkopar East,780,Ready to move,"12,564 / sq ft"
OWNER,1, 98 L,Ghatkopar East,780,Ready to move,"12,564 / sq ft"
OWNER,1, 98 L,Ghatkopar East,780,Ready to move,"12,564 / sq ft"
OWNER,1, 98 L,Ghatkopar East,780,Ready to move,"12,564 / sq ft"
OWNER,1, 98 L,Ghatkopar East,780,Ready to move,"12,564 / sq ft"
OWNER,1, 98 L,Ghatkopar East,780,Ready to move,"12,564 / sq ft"
OWNER,1, 98 L,Ghatkopar East,780,Ready to move,"12,564 / sq ft"
OWNER,1, 98 L,Ghatkopar East,780,Ready to move,"12,564 / sq ft"
OWNER,1, 98 L,Ghatkopar East,780,Ready to move,"12,564 / sq ft"
OWNER,1, 98 L,Ghatkopar East,780,Ready to move,"12,564 / sq ft"
OWNER,1, 98 L,Ghatkopar East,780,Ready to move,"12,564 / sq ft"
OWNER,1, 98 L,Ghatkopar East,780,Ready to move,"12,564 / sq ft"
OWNER,1, 1.2 Cr,Santacruz East,450,Ready to move,"26,666 / sq ft"
OWNER,2, 23 L,Badlapur West,650,Ready to move,"3,538 / sq ft"
OWNER,1, 30 L,Vasai West,550,Ready to move,"5,454 / sq ft"
AGENT,3, 48.7 L,Naigaon East,800,Under Construction,"6,087 / sq ft"
AGENT,1, 24.75 L,Naigaon East,450,Under Construction,"5,500 / sq ft"
AGENT,1, 25.7 L,Naigaon East,450,Under Construction,"5,711 / sq ft"
OWNER,1, 90 L,Borivali West,447,Ready to move,"20,134 / sq ft"
OWNER,4, 3.5 Cr,Powai,1650,Ready to move,"21,212 / sq ft"
OWNER,4, 3.5 Cr,Powai,1650,Ready to move,"21,212 / sq ft"
OWNER,4, 3.5 Cr,Powai,1650,Ready to move,"21,212 / sq ft"
OWNER,4, 3.5 Cr,Powai,1650,Ready to move,"21,212 / sq ft"
OWNER,4, 3.5 Cr,Powai,1650,Ready to move,"21,212 / sq ft"
OWNER,4, 3.5 Cr,Powai,1650,Ready to move,"21,212 / sq ft"
OWNER,4, 3.5 Cr,Powai,1650,Ready to move,"21,212 / sq ft"
OWNER,4, 3.5 Cr,Powai,1650,Ready to move,"21,212 / sq ft"
OWNER,4, 3.5 Cr,Powai,1650,Ready to move,"21,212 / sq ft"
OWNER,4, 3.5 Cr,Powai,1650,Ready to move,"21,212 / sq ft"
OWNER,4, 3.5 Cr,Powai,1650,Ready to move,"21,212 / sq ft"
OWNER,1, 20 L,Mumbra,650,Ready to move,"3,076 / sq ft"
OWNER,2, 1.35 Cr,Goregaon East,800,Ready to move,"16,875 / sq ft"
OWNER,3, 1.24 Cr,Borivali West,1500,Ready to move,"8,266 / sq ft"
OWNER,2, 47 L,Kalyan West,835,Ready to move,"5,628 / sq ft"
OWNER,1, 80 L,Worli,250,Ready to move,"32,000 / sq ft"
OWNER,3, 2.7 Cr,Mira Road East,3500,Ready to move,"7,714 / sq ft"
OWNER,1, 9 L,Virar East,350,Ready to move,"2,571 / sq ft"
OWNER,1, 92 L,Bhandup West,585,Ready to move,"15,726 / sq ft"
OWNER,1, 30 L,Dombivali East,545,Ready to move,"5,504 / sq ft"
OWNER,1, 1.35 Cr,Chembur,800,Ready to move,"16,875 / sq ft"
OWNER,1, 1.35 Cr,Chembur,800,Ready to move,"16,875 / sq ft"
OWNER,1, 1.35 Cr,Chembur,800,Ready to move,"16,875 / sq ft"
OWNER,1, 1.35 Cr,Chembur,800,Ready to move,"16,875 / sq ft"
OWNER,1, 1.35 Cr,Chembur,800,Ready to move,"16,875 / sq ft"
OWNER,1, 22 L,Powai,320,Ready to move,"6,875 / sq ft"
OWNER,1, 23 L,Badlapur East,596,Ready to move,"3,859 / sq ft"
OWNER,3, 3.1 Cr,Andheri West,1350,Ready to move,"22,962 / sq ft"
OWNER,1, 2.25 Cr,Dadar East,750,Ready to move,"30,000 / sq ft"
OWNER,1, 33 L,Dombivli (West),354,Ready to move,"9,322 / sq ft"
OWNER,1, 49 L,Vikroli East,240,Ready to move,"20,416 / sq ft"
OWNER,1, 21 L,Nala Sopara,350,Ready to move,"6,000 / sq ft"
OWNER,1, 55 L,Kalamboli,700,Ready to move,"7,857 / sq ft"
OWNER,1, 60 L,Kalamboli,700,Ready to move,"8,571 / sq ft"
OWNER,1, 60 L,Kalamboli,700,Ready to move,"8,571 / sq ft"
OWNER,1, 60 L,Kalamboli,700,Ready to move,"8,571 / sq ft"
OWNER,1, 60 L,Kalamboli,700,Ready to move,"8,571 / sq ft"
OWNER,1, 60 L,Kalamboli,700,Ready to move,"8,571 / sq ft"
OWNER,1, 60 L,Kalamboli,700,Ready to move,"8,571 / sq ft"
OWNER,1, 60 L,Kalamboli,700,Ready to move,"8,571 / sq ft"
OWNER,1, 60 L,Kalamboli,700,Ready to move,"8,571 / sq ft"
OWNER,2, 1.6 Cr,Vashi,900,Ready to move,"17,777 / sq ft"
OWNER,1, 2.8 Cr,Andheri East,1200,Ready to move,"23,333 / sq ft"
OWNER,2, 2.95 Cr,Andheri East,1150,Ready to move,"25,652 / sq ft"
OWNER,1, 60 L,Kalamboli,700,Ready to move,"8,571 / sq ft"
OWNER,1, 60 L,Kalamboli,700,Ready to move,"8,571 / sq ft"
OWNER,1, 60 L,Kalamboli,700,Ready to move,"8,571 / sq ft"
OWNER,1, 60 L,Kalamboli,700,Ready to move,"8,571 / sq ft"
OWNER,1, 60 L,Kalamboli,700,Ready to move,"8,571 / sq ft"
OWNER,1, 24 L,Kharghar,620,Ready to move,"3,870 / sq ft"
OWNER,1, 24 L,Kharghar,620,Ready to move,"3,870 / sq ft"
OWNER,1, 24 L,Kharghar,620,Ready to move,"3,870 / sq ft"
OWNER,1, 24 L,Kharghar,620,Ready to move,"3,870 / sq ft"
OWNER,1, 24 L,Kharghar,620,Ready to move,"3,870 / sq ft"
OWNER,1, 24 L,Kharghar,620,Ready to move,"3,870 / sq ft"
OWNER,1, 23 L,Kharghar,610,Ready to move,"3,770 / sq ft"
OWNER,1, 23 L,Kharghar,610,Ready to move,"3,770 / sq ft"
OWNER,1, 25 L,Kharghar,635,Ready to move,"3,937 / sq ft"
OWNER,1, 25 L,Kharghar,635,Ready to move,"3,937 / sq ft"
OWNER,1, 25 L,Kharghar,635,Ready to move,"3,937 / sq ft"
OWNER,1, 23 L,Kharghar,610,Ready to move,"3,770 / sq ft"
OWNER,1, 23 L,Kharghar,610,Ready to move,"3,770 / sq ft"
OWNER,1, 25 L,Kharghar,635,Ready to move,"3,937 / sq ft"
OWNER,1, 25 L,Kharghar,635,Ready to move,"3,937 / sq ft"
OWNER,1, 25 L,Kharghar,635,Ready to move,"3,937 / sq ft"
OWNER,1, 25 L,Kharghar,635,Ready to move,"3,937 / sq ft"
OWNER,1, 25 L,Kharghar,635,Ready to move,"3,937 / sq ft"
OWNER,5, 11.5 Cr,Juhu,3600,Ready to move,"31,944 / sq ft"
OWNER,5, 11.5 Cr,Juhu,3600,Ready to move,"31,944 / sq ft"
OWNER,2, 2.6 Cr,Tardeo,613,Ready to move,"42,414 / sq ft"
OWNER,2, 30 L,Taloje,944,Under Construction,"3,177 / sq ft"
OWNER,1, 23 L,Kharghar,610,Ready to move,"3,770 / sq ft"
OWNER,1, 23 L,Kharghar,610,Ready to move,"3,770 / sq ft"
OWNER,1, 23 L,Kharghar,610,Ready to move,"3,770 / sq ft"
OWNER,1, 25 L,Kharghar,635,Ready to move,"3,937 / sq ft"
OWNER,1, 25 L,Kharghar,635,Ready to move,"3,937 / sq ft"
OWNER,1, 25 L,Kharghar,635,Ready to move,"3,937 / sq ft"
OWNER,1, 25 L,Kharghar,635,Ready to move,"3,937 / sq ft"
OWNER,1, 25 L,Kharghar,635,Ready to move,"3,937 / sq ft"
AGENT,2, 2.5 Cr,Wadala,900,Ready to move,"27,777 / sq ft"
OWNER,2, 1.4 Cr,Borivali West,600,Under Construction,"23,333 / sq ft"
OWNER,1, 1.25 Cr,Kandivali West,550,Under Construction,"22,727 / sq ft"
OWNER,2, 1.4 Cr,Borivali West,600,Under Construction,"23,333 / sq ft"
OWNER,2, 1.75 Cr,Kandivali West,771,Ready to move,"22,697 / sq ft"
OWNER,2, 1.75 Cr,Kandivali West,771,Ready to move,"22,697 / sq ft"
OWNER,2, 1.75 Cr,Kandivali West,771,Ready to move,"22,697 / sq ft"
OWNER,2, 1.75 Cr,Kandivali West,771,Ready to move,"22,697 / sq ft"
OWNER,2, 1.75 Cr,Kandivali West,771,Ready to move,"22,697 / sq ft"
OWNER,1, 23 L,Kharghar,610,Ready to move,"3,770 / sq ft"
OWNER,1, 23 L,Kharghar,610,Ready to move,"3,770 / sq ft"
OWNER,1, 23 L,Kharghar,610,Ready to move,"3,770 / sq ft"
OWNER,1, 23 L,Kharghar,610,Ready to move,"3,770 / sq ft"
OWNER,1, 23 L,Kharghar,610,Ready to move,"3,770 / sq ft"
OWNER,1, 23 L,Kharghar,610,Ready to move,"3,770 / sq ft"
OWNER,1, 23 L,Kharghar,610,Ready to move,"3,770 / sq ft"
OWNER,1, 23 L,Kharghar,610,Ready to move,"3,770 / sq ft"
OWNER,2, 1.75 Cr,Kandivali West,771,Ready to move,"22,697 / sq ft"
OWNER,2, 1.75 Cr,Kandivali West,771,Ready to move,"22,697 / sq ft"
OWNER,2, 1.75 Cr,Kandivali West,771,Ready to move,"22,697 / sq ft"
OWNER,2, 1.75 Cr,Kandivali West,771,Ready to move,"22,697 / sq ft"
OWNER,2, 1.75 Cr,Kandivali West,771,Ready to move,"22,697 / sq ft"
OWNER,2, 1.75 Cr,Kandivali West,771,Ready to move,"22,697 / sq ft"
OWNER,2, 1.75 Cr,Kandivali West,771,Ready to move,"22,697 / sq ft"
OWNER,2, 1.75 Cr,Kandivali West,771,Ready to move,"22,697 / sq ft"
OWNER,2, 1.75 Cr,Kandivali West,771,Ready to move,"22,697 / sq ft"
OWNER,2, 1.75 Cr,Kandivali West,771,Ready to move,"22,697 / sq ft"
OWNER,2, 1.75 Cr,Kandivali West,771,Ready to move,"22,697 / sq ft"
OWNER,2, 1.75 Cr,Kandivali West,771,Ready to move,"22,697 / sq ft"
OWNER,4, 2.25 Cr,Panvel,1800,Ready to move,"12,500 / sq ft"
OWNER,1, 25.5 L,Dombivali East,370,Ready to move,"6,891 / sq ft"
OWNER,2, 82 L,Panvel,1005,Ready to move,"8,159 / sq ft"
OWNER,2, 82 L,Panvel,1005,Ready to move,"8,159 / sq ft"
OWNER,1, 18.5 L,Goregaon West,495,Ready to move,"3,737 / sq ft"
OWNER,1, 18.5 L,Goregaon West,495,Ready to move,"3,737 / sq ft"
OWNER,1, 18.5 L,Goregaon West,495,Ready to move,"3,737 / sq ft"
OWNER,1, 18.5 L,Goregaon West,495,Ready to move,"3,737 / sq ft"
OWNER,1, 18.5 L,Goregaon West,495,Ready to move,"3,737 / sq ft"
OWNER,1, 18.5 L,Goregaon West,495,Ready to move,"3,737 / sq ft"
OWNER,1, 18.6 L,Virar,468,Ready to move,"3,974 / sq ft"
OWNER,3, 50 L,Nere,1100,Ready to move,"4,545 / sq ft"
OWNER,3, 50 L,Nere,1100,Ready to move,"4,545 / sq ft"
OWNER,1, 82 L,Bhandup West,550,Ready to move,"14,909 / sq ft"
OWNER,3, 2.8 Cr,Kandivali West,1500,Ready to move,"18,666 / sq ft"
OWNER,3, 50 L,Nere,1100,Ready to move,"4,545 / sq ft"
OWNER,3, 50 L,Nere,1100,Ready to move,"4,545 / sq ft"
OWNER,3, 50 L,Nere,1100,Ready to move,"4,545 / sq ft"
OWNER,2, 1.5 Cr,Andheri West,800,Ready to move,"18,750 / sq ft"
OWNER,1, 13 L,SHAHAD STATION,360,Ready to move,"3,611 / sq ft"
OWNER,1, 14 L,SHAHAD STATION,360,Ready to move,"3,888 / sq ft"
OWNER,1, 14 L,SHAHAD STATION,360,Ready to move,"3,888 / sq ft"
OWNER,1, 14 L,SHAHAD STATION,360,Ready to move,"3,888 / sq ft"
OWNER,1, 14 L,SHAHAD STATION,360,Ready to move,"3,888 / sq ft"
OWNER,1, 14 L,SHAHAD STATION,360,Ready to move,"3,888 / sq ft"
OWNER,1, 14 L,SHAHAD STATION,360,Ready to move,"3,888 / sq ft"
OWNER,1, 14 L,SHAHAD STATION,360,Ready to move,"3,888 / sq ft"
OWNER,1, 14 L,SHAHAD STATION,360,Ready to move,"3,888 / sq ft"
OWNER,1, 14 L,SHAHAD STATION,360,Ready to move,"3,888 / sq ft"
OWNER,1, 14 L,SHAHAD STATION,360,Ready to move,"3,888 / sq ft"
OWNER,1, 52 L,Thane West,530,Ready to move,"9,811 / sq ft"
OWNER,2, 1.25 Cr,Thane West,1125,Ready to move,"11,111 / sq ft"
OWNER,1, 52 L,Thane West,530,Ready to move,"9,811 / sq ft"
OWNER,1, 14 L,SHAHAD STATION,360,Ready to move,"3,888 / sq ft"
OWNER,2, 1.8 Cr,Ghatkopar East,770,Ready to move,"23,376 / sq ft"
OWNER,2, 1.8 Cr,Ghatkopar East,770,Ready to move,"23,376 / sq ft"
OWNER,2, 1.8 Cr,Ghatkopar East,770,Ready to move,"23,376 / sq ft"
OWNER,2, 1.8 Cr,Ghatkopar East,770,Ready to move,"23,376 / sq ft"
OWNER,2, 1.8 Cr,Ghatkopar East,770,Ready to move,"23,376 / sq ft"
OWNER,2, 2.75 Cr,Ville Parle East,840,Ready to move,"32,738 / sq ft"
OWNER,1, 15 L,SHAHAD STATION,360,Ready to move,"4,166 / sq ft"
OWNER,1, 14 L,SHAHAD STATION,360,Ready to move,"3,888 / sq ft"
OWNER,1, 15 L,SHAHAD STATION,360,Ready to move,"4,166 / sq ft"
OWNER,2, 1.8 Cr,Ghatkopar East,770,Ready to move,"23,376 / sq ft"
OWNER,2, 1.8 Cr,Ghatkopar East,770,Ready to move,"23,376 / sq ft"
OWNER,2, 1.8 Cr,Ghatkopar East,770,Ready to move,"23,376 / sq ft"
OWNER,2, 1.8 Cr,Ghatkopar East,770,Ready to move,"23,376 / sq ft"
OWNER,2, 1.8 Cr,Ghatkopar East,770,Ready to move,"23,376 / sq ft"
OWNER,2, 1.8 Cr,Ghatkopar East,770,Ready to move,"23,376 / sq ft"
OWNER,2, 1.8 Cr,Ghatkopar East,770,Ready to move,"23,376 / sq ft"
OWNER,2, 1.8 Cr,Ghatkopar East,770,Ready to move,"23,376 / sq ft"
OWNER,2, 1.8 Cr,Ghatkopar East,770,Ready to move,"23,376 / sq ft"
OWNER,1, 14 L,SHAHAD STATION,360,Ready to move,"3,888 / sq ft"
OWNER,1, 14 L,SHAHAD STATION,360,Ready to move,"3,888 / sq ft"
OWNER,1, 14 L,SHAHAD STATION,360,Ready to move,"3,888 / sq ft"
OWNER,1, 14 L,SHAHAD STATION,360,Ready to move,"3,888 / sq ft"
OWNER,1, 14 L,SHAHAD STATION,360,Ready to move,"3,888 / sq ft"
OWNER,1, 14 L,SHAHAD STATION,360,Ready to move,"3,888 / sq ft"
OWNER,1, 15 L,SHAHAD STATION,360,Ready to move,"4,166 / sq ft"
OWNER,Residential Plot, 4 L,Ranjanpada Uran Panvel Road,1089,Resale,367 / sq ft
AGENT,2, 55 L,Virar,975,Ready to move,Price
OWNER,1, 1.05 Cr,Thane West,650,Ready to move,"16,153 / sq ft"
OWNER,2, 2.25 Cr,Kandivali East,1185,Ready to move,"18,987 / sq ft"
OWNER,1, 29 L,Badlapur East,730,Ready to move,"3,972 / sq ft"
OWNER,1, 78 L,Bhayandar West,735,Ready to move,"10,612 / sq ft"
OWNER,1, 30 L,Bhuleshwar,150,Ready to move,"20,000 / sq ft"
OWNER,1, 30 L,Bhuleshwar,150,Ready to move,"20,000 / sq ft"
OWNER,1, 24 L,Kharghar,610,Ready to move,"3,934 / sq ft"
OWNER,1, 24 L,Kharghar,610,Ready to move,"3,934 / sq ft"
OWNER,1, 24 L,Kharghar,610,Ready to move,"3,934 / sq ft"
OWNER,1, 24 L,Kharghar,610,Ready to move,"3,934 / sq ft"
OWNER,1, 65 L,Bhuleshwar,380,Ready to move,"17,105 / sq ft"
OWNER,1, 27.5 L,Naigaon East,500,Ready to move,"5,500 / sq ft"
OWNER,1, 22 L,Taloje,700,Ready to move,"3,142 / sq ft"
OWNER,1, 22 L,Taloje,700,Ready to move,"3,142 / sq ft"
OWNER,1, 22 L,Taloje,700,Ready to move,"3,142 / sq ft"
OWNER,1, 22 L,Taloje,700,Ready to move,"3,142 / sq ft"
OWNER,1, 22 L,Taloje,700,Ready to move,"3,142 / sq ft"
OWNER,1, 22 L,Taloje,700,Ready to move,"3,142 / sq ft"
OWNER,1, 22 L,Taloje,700,Ready to move,"3,142 / sq ft"
OWNER,1, 65 L,Bhuleshwar,380,Ready to move,"17,105 / sq ft"
OWNER,1, 27.5 L,Naigaon East,500,Ready to move,"5,500 / sq ft"
OWNER,1, 27.5 L,Naigaon East,500,Ready to move,"5,500 / sq ft"
OWNER,1, 27.5 L,Naigaon East,500,Ready to move,"5,500 / sq ft"
OWNER,1, 26.5 L,Naigaon East,500,Ready to move,"5,300 / sq ft"
OWNER,1, 1.3 Cr,Borivali West,550,Ready to move,"23,636 / sq ft"
OWNER,1, 14.54 L,Saphale,490,Under Construction,"2,969 / sq ft"
OWNER,1, 14.54 L,Saphale,490,Under Construction,"2,969 / sq ft"
OWNER,1, 14.54 L,Saphale,490,Under Construction,"2,969 / sq ft"
OWNER,1, 24 L,Kharghar,610,Ready to move,"3,934 / sq ft"
OWNER,1, 24 L,Kharghar,610,Ready to move,"3,934 / sq ft"
OWNER,1, 89 L,Goregaon East,700,Ready to move,"12,714 / sq ft"
OWNER,1, 45 L,Koper Khairane,485,Ready to move,"9,278 / sq ft"
OWNER,1, 43 L,Koper Khairane,485,Ready to move,"8,865 / sq ft"
OWNER,2, 1.95 Cr,Chembur,1100,Ready to move,"17,727 / sq ft"
OWNER,1, 43 L,Koper Khairane,485,Ready to move,"8,865 / sq ft"
OWNER,1, 43 L,Koper Khairane,485,Ready to move,"8,865 / sq ft"
OWNER,1, 45 L,Koper Khairane,485,Ready to move,"9,278 / sq ft"
OWNER,1, 45 L,Koper Khairane,485,Ready to move,"9,278 / sq ft"
OWNER,1, 45 L,Koper Khairane,485,Ready to move,"9,278 / sq ft"
OWNER,1, 45 L,Koper Khairane,485,Ready to move,"9,278 / sq ft"
OWNER,3, 3.5 Cr,Santacruz East,1391,Ready to move,"25,161 / sq ft"
OWNER,2, 1.5 Cr,Koper Khairane,653,Under Construction,"22,970 / sq ft"
OWNER,2, 1.5 Cr,Koper Khairane,653,Under Construction,"22,970 / sq ft"
OWNER,2, 1.5 Cr,Koper Khairane,653,Under Construction,"22,970 / sq ft"
OWNER,2, 1.5 Cr,Koper Khairane,653,Under Construction,"22,970 / sq ft"
OWNER,1, 18.5 L,Goregaon West,485,Ready to move,"3,814 / sq ft"
OWNER,1, 43 L,Andheri East,350,Ready to move,"12,285 / sq ft"
OWNER,1, 33.5 L,Dombivli (West),565,Under Construction,"5,929 / sq ft"
OWNER,1, 25 L,Neral,459,Ready to move,"5,446 / sq ft"
OWNER,1, 24 L,Badlapur East,625,Ready to move,"3,840 / sq ft"
OWNER,1, 88 L,Vikhroli,533,Ready to move,"16,510 / sq ft"
OWNER,1, 88 L,Vikhroli,533,Ready to move,"16,510 / sq ft"
OWNER,1, 1.3 Cr,Borivali West,550,Ready to move,"23,636 / sq ft"
OWNER,1, 1.3 Cr,Borivali West,550,Ready to move,"23,636 / sq ft"
OWNER,1, 1.3 Cr,Borivali West,550,Ready to move,"23,636 / sq ft"
OWNER,1, 1.3 Cr,Borivali West,550,Ready to move,"23,636 / sq ft"
OWNER,1, 1.3 Cr,Borivali West,550,Ready to move,"23,636 / sq ft"
OWNER,1, 1.3 Cr,Borivali West,550,Ready to move,"23,636 / sq ft"
OWNER,1, 1.3 Cr,Borivali West,550,Ready to move,"23,636 / sq ft"
OWNER,1, 1.3 Cr,Borivali West,550,Ready to move,"23,636 / sq ft"
OWNER,1, 1.3 Cr,Borivali West,550,Ready to move,"23,636 / sq ft"
AGENT,1, 59 L,Kandivali East,400,Ready to move,"14,750 / sq ft"
AGENT,2, 1.47 Cr,Kandivali East,900,Ready to move,"16,333 / sq ft"
AGENT,2, 97 L,Kandivali East,660,Ready to move,"14,696 / sq ft"
AGENT,1, 1.7 Cr,Andheri East,550,Ready to move,"30,909 / sq ft"
AGENT,1, 1.02 Cr,Kandivali East,660,Ready to move,"15,454 / sq ft"
AGENT,2, 1.7 Cr,Kandivali East,1120,Ready to move,"15,178 / sq ft"
OWNER,1, 88 L,Vikhroli,533,Ready to move,"16,510 / sq ft"
OWNER,1, 1.5 Cr,Kanjurmarg,420,Ready to move,"35,714 / sq ft"
OWNER,4, 1.25 Cr,Panvel,2200,Ready to move,"5,681 / sq ft"
OWNER,1, 45 L,Dombivli (West),600,Ready to move,"7,500 / sq ft"
OWNER,1, 37 L,Panvel,800,Ready to move,"4,625 / sq ft"
OWNER,1, 1.5 Cr,Kanjurmarg,420,Ready to move,"35,714 / sq ft"
OWNER,4, 1.25 Cr,Panvel,2200,Ready to move,"5,681 / sq ft"
OWNER,1, 25 L,Taloja,670,Under Construction,"3,731 / sq ft"
OWNER,2, 30 L,Badlapur West,900,Ready to move,"3,333 / sq ft"
OWNER,2, 30 L,Badlapur West,900,Ready to move,"3,333 / sq ft"
OWNER,2, 30 L,Badlapur West,900,Ready to move,"3,333 / sq ft"
OWNER,2, 30 L,Badlapur West,900,Ready to move,"3,333 / sq ft"
OWNER,1, 60 L,Mira Road East,615,Ready to move,"9,756 / sq ft"
OWNER,1, 46 L,Kalyan West,645,Ready to move,"7,131 / sq ft"
OWNER,1, 46 L,Kalyan West,645,Ready to move,"7,131 / sq ft"
OWNER,1, 46 L,Kalyan West,645,Ready to move,"7,131 / sq ft"
OWNER,1, 46 L,Kalyan West,645,Ready to move,"7,131 / sq ft"
OWNER,1, 46 L,Kalyan West,645,Ready to move,"7,131 / sq ft"
OWNER,1, 46 L,Kalyan West,645,Ready to move,"7,131 / sq ft"
OWNER,1, 46 L,Kalyan West,645,Ready to move,"7,131 / sq ft"
OWNER,1, 46 L,Kalyan West,645,Ready to move,"7,131 / sq ft"
OWNER,1, 15 L,Vangani,575,Ready to move,"2,608 / sq ft"
OWNER,1, 15 L,Vangani,575,Ready to move,"2,608 / sq ft"
OWNER,1, 5 L,Titwala,300,Ready to move,"1,666 / sq ft"
OWNER,1, 46 L,Kalyan West,645,Ready to move,"7,131 / sq ft"
OWNER,1, 46 L,Kalyan West,645,Ready to move,"7,131 / sq ft"
OWNER,1, 46 L,Kalyan West,645,Ready to move,"7,131 / sq ft"
OWNER,1, 46 L,Kalyan West,645,Ready to move,"7,131 / sq ft"
OWNER,1, 46 L,Kalyan West,645,Ready to move,"7,131 / sq ft"
OWNER,1, 46 L,Kalyan West,645,Ready to move,"7,131 / sq ft"
OWNER,1, 46 L,Kalyan West,645,Ready to move,"7,131 / sq ft"
OWNER,1, 46 L,Kalyan West,645,Ready to move,"7,131 / sq ft"
OWNER,1, 5 L,Titwala,300,Ready to move,"1,666 / sq ft"
OWNER,1, 46 L,Kalyan West,645,Ready to move,"7,131 / sq ft"
OWNER,1, 46 L,Kalyan West,645,Ready to move,"7,131 / sq ft"
OWNER,1, 46 L,Kalyan West,645,Ready to move,"7,131 / sq ft"
OWNER,1, 46 L,Kalyan West,645,Ready to move,"7,131 / sq ft"
OWNER,1, 46 L,Kalyan West,645,Ready to move,"7,131 / sq ft"
OWNER,1, 46 L,Kalyan West,645,Ready to move,"7,131 / sq ft"
OWNER,1, 46 L,Kalyan West,645,Ready to move,"7,131 / sq ft"
OWNER,1, 46 L,Kalyan West,645,Ready to move,"7,131 / sq ft"
OWNER,1, 46 L,Kalyan West,645,Ready to move,"7,131 / sq ft"
OWNER,1, 60 L,Mira Road East,615,Ready to move,"9,756 / sq ft"
OWNER,1, 46 L,Mira Road East,440,Ready to move,"10,454 / sq ft"
OWNER,1, 46 L,Mira Road East,440,Ready to move,"10,454 / sq ft"
OWNER,1, 46 L,Mira Road East,440,Ready to move,"10,454 / sq ft"
OWNER,1, 46 L,Mira Road East,440,Ready to move,"10,454 / sq ft"
OWNER,1, 46 L,Mira Road East,440,Ready to move,"10,454 / sq ft"
OWNER,2, 46 L,Mira Road East,440,Ready to move,"10,454 / sq ft"
OWNER,1, 46 L,Mira Road East,440,Ready to move,"10,454 / sq ft"
OWNER,1, 46 L,Mira Road East,440,Ready to move,"10,454 / sq ft"
OWNER,1, 28.5 L,Dombivali East,560,Ready to move,"5,089 / sq ft"
OWNER,2, 68 L,Vasai,945,Ready to move,"7,195 / sq ft"
OWNER,1, 63 L,Mira Road East,392,Ready to move,"16,071 / sq ft"
OWNER,3, 2.75 Cr,Chembur,1248,Ready to move,"22,035 / sq ft"
OWNER,2, 87 L,Kandivali West,800,Ready to move,"10,875 / sq ft"
OWNER,1, 65 L,Vikroli East,602,Under Construction,"10,797 / sq ft"
OWNER,5, 1.7 Cr,Dahisar East,2000,Ready to move,"8,500 / sq ft"
OWNER,2, 87 L,Kandivali West,800,Ready to move,"10,875 / sq ft"
OWNER,2, 4.25 Cr,Malabar Hill,800,Ready to move,"53,125 / sq ft"
OWNER,2, 1.15 Cr,Thane West,900,Ready to move,"12,777 / sq ft"
OWNER,2, 28 L,Badlapur West,830,Ready to move,"3,373 / sq ft"
OWNER,1, 50 L,Shil Phata,672,Ready to move,"7,440 / sq ft"
OWNER,1, 2.8 L,Shelu,200,Ready to move,"1,400 / sq ft"
OWNER,1, 2.8 L,Shelu,200,Ready to move,"1,400 / sq ft"
OWNER,1, 2.8 L,Shelu,200,Ready to move,"1,400 / sq ft"
OWNER,1, 5.5 L,Shelu,350,Ready to move,"1,571 / sq ft"
OWNER,1, 2.8 L,Shelu,200,Ready to move,"1,400 / sq ft"
OWNER,1, 2.8 L,Shelu,200,Ready to move,"1,400 / sq ft"
OWNER,1, 2.8 L,Shelu,200,Ready to move,"1,400 / sq ft"
OWNER,1, 5.5 L,Shelu,350,Ready to move,"1,571 / sq ft"
OWNER,1, 5.5 L,Shelu,350,Ready to move,"1,571 / sq ft"
OWNER,1, 5.5 L,Shelu,350,Ready to move,"1,571 / sq ft"
OWNER,1, 5.5 L,Shelu,350,Ready to move,"1,571 / sq ft"
OWNER,1, 5.5 L,Shelu,350,Ready to move,"1,571 / sq ft"
OWNER,1, 5.5 L,Shelu,350,Ready to move,"1,571 / sq ft"
OWNER,1, 5.49 L,Shelu,350,Ready to move,"1,571 / sq ft"
OWNER,1, 2.8 L,Shelu,200,Ready to move,"1,400 / sq ft"
OWNER,1, 5.5 L,Shelu,350,Ready to move,"1,571 / sq ft"
OWNER,1, 5.5 L,Shelu,350,Ready to move,"1,571 / sq ft"
OWNER,1, 5.5 L,Shelu,350,Ready to move,"1,571 / sq ft"
OWNER,1, 5.5 L,Shelu,350,Ready to move,"1,571 / sq ft"
OWNER,1, 2.8 L,Shelu,200,Ready to move,"1,400 / sq ft"
OWNER,1, 2.8 L,Shelu,200,Ready to move,"1,400 / sq ft"
OWNER,1, 5.5 L,Shelu,350,Ready to move,"1,571 / sq ft"
OWNER,1, 50 L,Shil Phata,672,Ready to move,"7,440 / sq ft"
OWNER,1, 38 L,Nala Sopara,550,Ready to move,"6,909 / sq ft"
OWNER,1, 40 L,Sion,300,Ready to move,"13,333 / sq ft"
OWNER,1, 45 L,Thane West,425,Ready to move,"10,588 / sq ft"
OWNER,3, 2.69 Cr,Goregaon West,1152,Ready to move,"23,350 / sq ft"
OWNER,3, 2.69 Cr,Goregaon West,1152,Ready to move,"23,350 / sq ft"
OWNER,2, 45 L,Naigaon East,695,Ready to move,"6,474 / sq ft"
OWNER,1, 19 L,Juinagar,390,Ready to move,"4,871 / sq ft"
OWNER,6, 16 Cr,Dadar West,3200,Ready to move,"50,000 / sq ft"
OWNER,6, 16 Cr,Dadar West,3200,Ready to move,"50,000 / sq ft"
OWNER,2, 2 Cr,Andheri West,980,Ready to move,"20,408 / sq ft"
OWNER,6, 16 Cr,Dadar West,3200,Ready to move,"50,000 / sq ft"
OWNER,6, 16 Cr,Dadar West,3200,Ready to move,"50,000 / sq ft"
OWNER,6, 16 Cr,Dadar West,3200,Ready to move,"50,000 / sq ft"
OWNER,6, 16 Cr,Dadar West,3200,Ready to move,"50,000 / sq ft"
OWNER,6, 16 Cr,Dadar West,3200,Ready to move,"50,000 / sq ft"
OWNER,6, 16 Cr,Dadar West,3200,Ready to move,"50,000 / sq ft"
OWNER,6, 16 Cr,Dadar West,3200,Ready to move,"50,000 / sq ft"
OWNER,1, 23 L,Badlapur West,640,Ready to move,"3,593 / sq ft"
OWNER,1, 23 L,Badlapur West,640,Ready to move,"3,593 / sq ft"
OWNER,1, 23 L,Badlapur West,640,Ready to move,"3,593 / sq ft"
OWNER,1, 32 L,Karanjade,1200,Under Construction,"2,666 / sq ft"
OWNER,1, 23 L,Badlapur West,640,Ready to move,"3,593 / sq ft"
OWNER,1, 32 L,Karanjade,1200,Under Construction,"2,666 / sq ft"
OWNER,1, 32 L,Karanjade,1200,Under Construction,"2,666 / sq ft"
OWNER,1, 32 L,Karanjade,1200,Under Construction,"2,666 / sq ft"
OWNER,1, 32 L,Karanjade,1200,Under Construction,"2,666 / sq ft"
OWNER,1, 32 L,Karanjade,630,Under Construction,"5,079 / sq ft"
OWNER,1, 65 L,Belapur,650,Ready to move,"10,000 / sq ft"
OWNER,2, 2.4 Cr,Mahim,700,Ready to move,"34,285 / sq ft"
OWNER,Residential Plot, 35 L,Vangani,10000,Resale,350 / sq ft
OWNER,Residential Plot, 35 L,Vangani,10000,Resale,350 / sq ft
OWNER,Residential Plot, 35 L,Vangani,10000,Resale,350 / sq ft
OWNER,Residential Plot, 35 L,Vangani,10000,Resale,350 / sq ft
OWNER,Residential Plot, 35 L,Vangani,10000,Resale,350 / sq ft
OWNER,Residential Plot, 35 L,Vangani,10000,Resale,350 / sq ft
OWNER,Residential Plot, 35 L,Vangani,10000,Resale,350 / sq ft
OWNER,Residential Plot, 35 L,Vangani,10000,Resale,350 / sq ft
OWNER,Residential Plot, 35 L,Vangani,10000,Resale,350 / sq ft
OWNER,3, 7.5 Cr,Juhu,1750,Ready to move,"42,857 / sq ft"
OWNER,3, 7.5 Cr,Juhu,1750,Ready to move,"42,857 / sq ft"
OWNER,1, 38 L,Dombivli (West),565,Ready to move,"6,725 / sq ft"
OWNER,2, 1.29 Cr,Seawoods,1103,Ready to move,"11,695 / sq ft"
OWNER,3, 1.72 Cr,Kharghar,1452,Ready to move,"11,845 / sq ft"
OWNER,2, 1.65 Cr,Nerul,1300,Ready to move,"12,692 / sq ft"
OWNER,2, 1.32 Cr,Seawoods,1103,Ready to move,"11,967 / sq ft"
OWNER,2, 1.32 Cr,Seawoods,1103,Ready to move,"11,967 / sq ft"
OWNER,1, 29.5 L,Naigaon East,500,Ready to move,"5,900 / sq ft"
OWNER,1, 29.5 L,Naigaon East,500,Ready to move,"5,900 / sq ft"
OWNER,1, 20 L,Mulund East,210,Ready to move,"9,523 / sq ft"
OWNER,1, 26 L,Naigaon East,500,Ready to move,"5,200 / sq ft"
OWNER,4, 6.5 Cr,Lower Parel,2050,Ready to move,"31,707 / sq ft"
OWNER,1, 81.5 L,Thane West,531,Ready to move,"15,348 / sq ft"
OWNER,3, 2.41 Cr,Ghatkopar East,1416,Ready to move,"17,019 / sq ft"
OWNER,1, 7 L,Nala Sopara,270,Ready to move,"2,592 / sq ft"
OWNER,2, 30 L,Khalapur,763,Ready to move,"3,931 / sq ft"
OWNER,1, 20.5 L,Karjat,750,Under Construction,"2,733 / sq ft"
OWNER,1, 25 L,Santosh Nagar,525,Ready to move,"4,761 / sq ft"
OWNER,2, 2 Cr,Goregaon West,960,Ready to move,"20,833 / sq ft"
OWNER,2, 1.7 Cr,Borivali East,930,Ready to move,"18,279 / sq ft"
OWNER,1, 58 L,Koper Khairane,485,Ready to move,"11,958 / sq ft"
OWNER,1, 9 L,Nerul,513,Ready to move,"1,754 / sq ft"
OWNER,1, 9 L,Nerul,513,Ready to move,"1,754 / sq ft"
AGENT,2, 1.7 Cr,Malad West,1290,Under Construction,"13,178 / sq ft"
AGENT,2, 1.7 Cr,Malad West,1290,Under Construction,"13,178 / sq ft"
AGENT,2, 1.7 Cr,Malad West,1290,Under Construction,"13,178 / sq ft"
AGENT,2, 1.7 Cr,Malad West,1290,Under Construction,"13,178 / sq ft"
AGENT,2, 1.7 Cr,Malad West,1290,Under Construction,"13,178 / sq ft"
AGENT,1, 55 L,kasaradavali thane west,630,Ready to move,"8,730 / sq ft"
AGENT,3, 2.4 Cr,Malad West,1850,Under Construction,"12,972 / sq ft"
AGENT,3, 2.4 Cr,Malad West,1850,Under Construction,"12,972 / sq ft"
AGENT,3, 2.4 Cr,Malad West,1850,Under Construction,"12,972 / sq ft"
AGENT,2, 1.7 Cr,Malad West,1290,Under Construction,"13,178 / sq ft"
AGENT,2, 1.7 Cr,Malad West,1290,Under Construction,"13,178 / sq ft"
AGENT,2, 1.7 Cr,Malad West,1290,Under Construction,"13,178 / sq ft"
AGENT,3, 2.4 Cr,Malad West,1850,Under Construction,"12,972 / sq ft"
AGENT,2, 1.7 Cr,Malad West,1290,Under Construction,"13,178 / sq ft"
AGENT,2, 1.7 Cr,Malad West,1290,Under Construction,"13,178 / sq ft"
AGENT,2, 1.7 Cr,Malad West,1290,Under Construction,"13,178 / sq ft"
AGENT,3, 2.4 Cr,Malad West,1850,Under Construction,"12,972 / sq ft"
AGENT,3, 2.4 Cr,Malad West,1850,Under Construction,"12,972 / sq ft"
AGENT,3, 2.4 Cr,Malad West,1850,Under Construction,"12,972 / sq ft"
AGENT,2, 1.3 Cr,Kandivali East,800,Ready to move,"16,250 / sq ft"
AGENT,2, 70 L,Panvel,750,Ready to move,"9,333 / sq ft"
AGENT,2, 1.21 Cr,Kharghar,1258,Ready to move,"9,618 / sq ft"
AGENT,2, 2.75 Cr,Powai,916,Ready to move,"30,021 / sq ft"
AGENT,2, 1.42 Cr,Powai,1100,Ready to move,"12,909 / sq ft"
AGENT,3, 2.4 Cr,Kandivali East,918,Under Construction,"26,143 / sq ft"
AGENT,3, 2.4 Cr,Kandivali East,918,Under Construction,"26,143 / sq ft"
AGENT,1, 52 L,kasaradavali thane west,660,Ready to move,"7,878 / sq ft"
AGENT,4, 2.35 Cr,Santacruz East,2040,Ready to move,"11,519 / sq ft"
AGENT,3, 2.35 Cr,Wadala,1250,Under Construction,"18,800 / sq ft"
AGENT,1, 30.15 L,Dombivali East,670,Ready to move,Price
AGENT,1, 48.99 L,kasaradavali thane west,600,Ready to move,"8,166 / sq ft"
AGENT,1, 20 L,Ambernath West,540,Under Construction,"3,703 / sq ft"
AGENT,3, 3.05 Cr,Jogeshwari East,1040,Ready to move,"29,326 / sq ft"
AGENT,2, 2.16 Cr,Borivali East,1120,Ready to move,"19,285 / sq ft"
AGENT,3, 2.8 Cr,Malad East,1350,Ready to move,"20,740 / sq ft"
AGENT,2, 52.57 L,kasaradavali thane west,751,Under Construction,"7,000 / sq ft"
AGENT,1, 38.99 L,kasaradavali thane west,557,Under Construction,"7,000 / sq ft"
AGENT,2, 53.97 L,kasaradavali thane west,771,Under Construction,"7,000 / sq ft"
AGENT,1, 43.12 L,kasaradavali thane west,616,Under Construction,"7,000 / sq ft"
AGENT,1, 43.33 L,kasaradavali thane west,619,Under Construction,"7,000 / sq ft"
AGENT,1, 41.23 L,kasaradavali thane west,589,Under Construction,"7,000 / sq ft"
AGENT,2, 52.43 L,kasaradavali thane west,749,Under Construction,"7,000 / sq ft"
AGENT,1, 43.4 L,kasaradavali thane west,620,Under Construction,"7,000 / sq ft"
AGENT,1, 60 L,kasaradavali thane west,695,Under Construction,"8,633 / sq ft"
AGENT,2, 80 L,kasaradavali thane west,956,Under Construction,"8,368 / sq ft"
AGENT,1, 91 L,Borivali East,488,Under Construction,"18,647 / sq ft"
AGENT,3, 4.1 Cr,Wadala,1680,Ready to move,"24,404 / sq ft"
AGENT,2, 54.99 L,kasaradavali thane west,902,Ready to move,"6,097 / sq ft"
AGENT,2, 86.25 L,Mira Road East,1150,Ready to move,"7,500 / sq ft"
AGENT,2, 74.92 L,Mira Road East,999,Ready to move,"7,500 / sq ft"
AGENT,2, 45 L,Koper Khairane,1000,Under Construction,"4,500 / sq ft"
AGENT,1, 1.1 Cr,Borivali West,600,Ready to move,"18,333 / sq ft"
AGENT,1, 1 Cr,Borivali West,600,Ready to move,"16,666 / sq ft"
AGENT,3, 3 Cr,Taloja,1650,Ready to move,"18,181 / sq ft"
AGENT,2, 90 L,kasaradavali thane west,780,Under Construction,"11,538 / sq ft"
AGENT,2, 90 L,kasaradavali thane west,780,Under Construction,"11,538 / sq ft"
AGENT,2, 90 L,kasaradavali thane west,780,Under Construction,"11,538 / sq ft"
AGENT,1, 65 L,kasaradavali thane west,666,Ready to move,"9,759 / sq ft"
AGENT,1, 65 L,kasaradavali thane west,666,Ready to move,"9,759 / sq ft"
AGENT,1, 65 L,kasaradavali thane west,666,Ready to move,"9,759 / sq ft"
AGENT,1, 65 L,kasaradavali thane west,666,Ready to move,"9,759 / sq ft"
AGENT,1, 65 L,kasaradavali thane west,666,Ready to move,"9,759 / sq ft"
AGENT,1, 65 L,kasaradavali thane west,666,Ready to move,"9,759 / sq ft"
AGENT,1, 65 L,kasaradavali thane west,666,Ready to move,"9,759 / sq ft"
AGENT,1, 65 L,kasaradavali thane west,666,Ready to move,"9,759 / sq ft"
AGENT,2, 52.57 L,kasaradavali thane west,751,Under Construction,"7,000 / sq ft"
AGENT,2, 52.57 L,kasaradavali thane west,751,Under Construction,"7,000 / sq ft"
AGENT,2, 52.57 L,kasaradavali thane west,751,Under Construction,"7,000 / sq ft"
AGENT,2, 52.57 L,kasaradavali thane west,751,Under Construction,"7,000 / sq ft"
AGENT,2, 52.57 L,kasaradavali thane west,751,Under Construction,"7,000 / sq ft"
AGENT,2, 52.57 L,kasaradavali thane west,751,Under Construction,"7,000 / sq ft"
AGENT,2, 52.57 L,kasaradavali thane west,751,Under Construction,"7,000 / sq ft"
AGENT,2, 52.57 L,kasaradavali thane west,751,Under Construction,"7,000 / sq ft"
AGENT,2, 52.57 L,kasaradavali thane west,751,Under Construction,"7,000 / sq ft"
AGENT,1, 75 L,kasaradavali thane west,700,Ready to move,"10,714 / sq ft"
AGENT,1, 75 L,kasaradavali thane west,700,Ready to move,"10,714 / sq ft"
AGENT,1, 75 L,kasaradavali thane west,700,Ready to move,"10,714 / sq ft"
AGENT,2, 52.57 L,kasaradavali thane west,751,Under Construction,"7,000 / sq ft"
AGENT,2, 52.57 L,kasaradavali thane west,751,Under Construction,"7,000 / sq ft"
AGENT,2, 52.57 L,kasaradavali thane west,751,Under Construction,"7,000 / sq ft"
AGENT,1, 75 L,kasaradavali thane west,700,Ready to move,"10,714 / sq ft"
AGENT,1, 75 L,kasaradavali thane west,700,Ready to move,"10,714 / sq ft"
AGENT,1, 75 L,kasaradavali thane west,700,Ready to move,"10,714 / sq ft"
AGENT,1, 75 L,kasaradavali thane west,700,Ready to move,"10,714 / sq ft"
AGENT,1, 75 L,kasaradavali thane west,700,Ready to move,"10,714 / sq ft"
AGENT,1, 75 L,kasaradavali thane west,700,Ready to move,"10,714 / sq ft"
AGENT,1, 75 L,kasaradavali thane west,700,Ready to move,"10,714 / sq ft"
AGENT,1, 75 L,kasaradavali thane west,700,Ready to move,"10,714 / sq ft"
AGENT,1, 75 L,kasaradavali thane west,700,Ready to move,"10,714 / sq ft"
AGENT,1, 75 L,kasaradavali thane west,700,Ready to move,"10,714 / sq ft"
AGENT,1, 75 L,kasaradavali thane west,700,Ready to move,"10,714 / sq ft"
AGENT,1, 75 L,kasaradavali thane west,700,Ready to move,"10,714 / sq ft"
AGENT,1, 75 L,kasaradavali thane west,700,Ready to move,"10,714 / sq ft"
AGENT,1, 75 L,kasaradavali thane west,700,Ready to move,"10,714 / sq ft"
AGENT,1, 27.99 L,kasaradavali thane west,334,Ready to move,"8,383 / sq ft"
AGENT,1, 42.9 L,kasaradavali thane west,625,Ready to move,"6,864 / sq ft"
AGENT,2, 54.99 L,kasaradavali thane west,905,Ready to move,"6,077 / sq ft"
AGENT,3, 2.4 Cr,Malad West,1850,Under Construction,"12,972 / sq ft"
AGENT,2, 1.7 Cr,Malad West,1290,Under Construction,"13,178 / sq ft"
AGENT,1, 50 L,kasaradavali thane west,523,Ready to move,"9,560 / sq ft"
AGENT,1, 50 L,kasaradavali thane west,523,Ready to move,"9,560 / sq ft"
AGENT,1, 50 L,kasaradavali thane west,523,Ready to move,"9,560 / sq ft"
AGENT,1, 50 L,kasaradavali thane west,523,Ready to move,"9,560 / sq ft"
AGENT,1, 50 L,kasaradavali thane west,523,Ready to move,"9,560 / sq ft"
AGENT,2, 97 L,kasaradavali thane west,1050,Ready to move,"9,238 / sq ft"
AGENT,1, 54.99 L,kasaradavali thane west,663,Ready to move,"8,295 / sq ft"
OWNER,2, 1.12 Cr,Dahisar,650,Ready to move,"17,230 / sq ft"
OWNER,1, 85 L,Mulund East,575,Ready to move,"14,782 / sq ft"
AGENT,1, 72 L,kasaradavali thane west,791,Ready to move,"9,102 / sq ft"
AGENT,2, 2 Cr,Powai,1120,Ready to move,"17,857 / sq ft"
AGENT,3, 2.9 Cr,Powai,1500,Ready to move,"19,333 / sq ft"
AGENT,2, 1.65 Cr,Santacruz East,810,Ready to move,"20,370 / sq ft"
AGENT,2, 1.7 Cr,Malad West,1290,Under Construction,"13,178 / sq ft"
OWNER,2, 1.65 Cr,Andheri East,715,Ready to move,"23,076 / sq ft"
OWNER,2, 1.65 Cr,Andheri East,715,Ready to move,"23,076 / sq ft"
OWNER,2, 1.65 Cr,Andheri East,715,Ready to move,"23,076 / sq ft"
OWNER,2, 1.65 Cr,Andheri East,715,Ready to move,"23,076 / sq ft"
OWNER,2, 1.65 Cr,Andheri East,715,Ready to move,"23,076 / sq ft"
OWNER,2, 1.65 Cr,Andheri East,715,Ready to move,"23,076 / sq ft"
OWNER,2, 1.65 Cr,Andheri East,715,Ready to move,"23,076 / sq ft"
AGENT,3, 6.15 Cr,Worli,1674,Ready to move,"36,738 / sq ft"
AGENT,2, 1.21 Cr,Kharghar,1258,Ready to move,"9,618 / sq ft"
AGENT,2, 52.57 L,kasaradavali thane west,751,Under Construction,"7,000 / sq ft"
AGENT,3, 1.29 Cr,kasaradavali thane west,1327,Ready to move,"9,721 / sq ft"
OWNER,2, 1.05 Cr,Mulund West,966,Under Construction,"10,869 / sq ft"
AGENT,1, 75 L,kasaradavali thane west,700,Ready to move,"10,714 / sq ft"
OWNER,1, 22 L,Mulund West,150,Ready to move,"14,666 / sq ft"
OWNER,1, 30 L,Badlapur East,650,Ready to move,"4,615 / sq ft"
OWNER,2, 1.6 Cr,Mulund East,950,Ready to move,"16,842 / sq ft"
OWNER,1, 25 L,Santacruz East,240,Ready to move,"10,416 / sq ft"
OWNER,1, 1.35 Cr,Ghatkopar East,536,Ready to move,"25,186 / sq ft"
OWNER,1, 32 L,Ambernath East,821,Ready to move,"3,897 / sq ft"
OWNER,1, 80 L,Andheri West,460,Ready to move,"17,391 / sq ft"
OWNER,3, 4 Cr,Ville Parle East,1500,Ready to move,"26,666 / sq ft"
AGENT,2, 90 L,kasaradavali thane west,780,Under Construction,"11,538 / sq ft"
OWNER,1, 24.6 L,Karjat,717,Ready to move,"3,430 / sq ft"
OWNER,3, 3.99 Cr,Matunga,1300,Ready to move,"30,692 / sq ft"
OWNER,3, 4.6 Cr,Matunga,1300,Ready to move,"35,384 / sq ft"
AGENT,1, 58 L,kasaradavali thane west,690,Ready to move,"8,405 / sq ft"
OWNER,2, 65 L,Ulwe,940,Ready to move,"6,914 / sq ft"
OWNER,2, 95 L,Thane West,835,Ready to move,"11,377 / sq ft"
OWNER,1, 65 L,Thane West,550,Ready to move,"11,818 / sq ft"
OWNER,4, 8 Cr,Wadala,2515,Ready to move,"31,809 / sq ft"
OWNER,1, 32 L,Badlapur East,690,Ready to move,"4,637 / sq ft"
AGENT,1, 35 L,Vasai,676,Ready to move,"5,177 / sq ft"
AGENT,1, 35 L,Vasai,655,Ready to move,"5,343 / sq ft"
OWNER,1, 27.56 L,Badlapur East,735,Ready to move,"3,750 / sq ft"
OWNER,2, 1.35 Cr,Andheri West,700,Ready to move,"19,285 / sq ft"
OWNER,1, 41 L,Kalwa,600,Ready to move,"6,833 / sq ft"
OWNER,1, 41 L,Kalwa,600,Ready to move,"6,833 / sq ft"
OWNER,1, 21.5 L,Hendre Pada,570,Ready to move,"3,771 / sq ft"
OWNER,2, 1.35 Cr,Andheri West,615,Under Construction,"21,951 / sq ft"
OWNER,2, 72 L,Thane West,720,Ready to move,"10,000 / sq ft"
OWNER,1, 58 L,Borivali West,225,Ready to move,"25,777 / sq ft"
OWNER,3, 50 L,Nalasopara East,1200,Ready to move,"4,166 / sq ft"
OWNER,2, 1.51 Cr,Ghatkopar East,825,Ready to move,"18,303 / sq ft"
AGENT,1, 1.05 Cr,Chembur,533,Ready to move,"19,699 / sq ft"
AGENT,2, 1.61 Cr,Kandivali East,900,Ready to move,"17,888 / sq ft"
OWNER,1, 22 L,Dombivali East,550,Ready to move,"4,000 / sq ft"
OWNER,1, 14 L,Dombivali East,325,Ready to move,"4,307 / sq ft"
OWNER,1, 57 L,Bandra West,275,Ready to move,"20,727 / sq ft"
OWNER,2, 1 Cr,Bhuleshwar,580,Ready to move,"17,241 / sq ft"
OWNER,1, 20.5 L,Vasind,500,Ready to move,"4,100 / sq ft"
OWNER,2, 2.5 Cr,Powai,980,Ready to move,"25,510 / sq ft"
OWNER,2, 1.7 Cr,Chembur,1050,Ready to move,"16,190 / sq ft"
OWNER,2, 1.35 Cr,Airoli,800,Ready to move,"16,875 / sq ft"
AGENT,2, 84.56 L,kasaradavali thane west,987,Under Construction,"8,568 / sq ft"
OWNER,1, 72 L,Bhandup West,550,Ready to move,"13,090 / sq ft"
AGENT,2, 3.95 Cr,Andheri East,1680,Ready to move,"23,511 / sq ft"
OWNER,2, 79.9 L,Thakurli,950,Ready to move,"8,410 / sq ft"
OWNER,2, 2.25 Cr,Andheri West,1250,Ready to move,"18,000 / sq ft"
OWNER,1, 52 L,Vasai,630,Ready to move,"8,253 / sq ft"
OWNER,1, 1.25 Cr,Mahim,600,Ready to move,"20,833 / sq ft"
OWNER,1, 58 L,Bhandup West,410,Ready to move,"14,146 / sq ft"
AGENT,3, 3.25 Cr,Goregaon East,1500,Ready to move,"21,666 / sq ft"
AGENT,1, 53 L,Mira Road East,393,Under Construction,"13,486 / sq ft"
AGENT,2, 72.9 L,Mira Road East,511,Under Construction,"14,266 / sq ft"
AGENT,1, 52.5 L,Mira Road East,369,Under Construction,"14,227 / sq ft"
AGENT,1, 52.8 L,Mira Road East,385,Under Construction,"13,714 / sq ft"
AGENT,1, 57 L,kasaradavali thane west,550,Ready to move,"10,363 / sq ft"
AGENT,3, 2.4 Cr,Goregaon West,1200,Ready to move,"20,000 / sq ft"
AGENT,3, 2.7 Cr,Goregaon West,1450,Ready to move,"18,620 / sq ft"
AGENT,2, 2 Cr,Goregaon West,1150,Ready to move,"17,391 / sq ft"
AGENT,2, 1.65 Cr,Goregaon West,1100,Ready to move,"15,000 / sq ft"
AGENT,2, 1.55 Cr,Goregaon West,960,Ready to move,"16,145 / sq ft"
AGENT,2, 1.25 Cr,Goregaon West,800,Ready to move,"15,625 / sq ft"
AGENT,3, 3.9 Cr,Santacruz East,1650,Ready to move,"23,636 / sq ft"
AGENT,2, 98 L,kasaradavali thane west,1150,Under Construction,"8,521 / sq ft"
OWNER,1, 1.35 Cr,Jogeshwari East,415,Ready to move,"32,530 / sq ft"
OWNER,1, 1.55 Cr,Jogeshwari East,560,Ready to move,"27,678 / sq ft"
AGENT,1, 60 L,kasaradavali thane west,620,Ready to move,Price
OWNER,2, 65 L,Mira Road East,1050,Ready to move,"6,190 / sq ft"
OWNER,2, 65 L,Mira Road East,1050,Ready to move,"6,190 / sq ft"
AGENT,2, 90 L,kasaradavali thane west,942,Ready to move,"9,554 / sq ft"
OWNER,2, 95 L,Kharghar,560,Ready to move,"16,964 / sq ft"
OWNER,1, 62 L,Seawoods,531,Ready to move,"11,676 / sq ft"
OWNER,1, 75 L,Bhandup West,545,Under Construction,"13,761 / sq ft"
AGENT,2, 1.8 Cr,Andheri West,800,Ready to move,"22,500 / sq ft"
OWNER,1, 1 Cr,Mazgaon,450,Ready to move,"22,222 / sq ft"
OWNER,2, 1.1 Cr,Thane West,1000,Ready to move,"11,000 / sq ft"
OWNER,1, 74 L,Mulund West,400,Ready to move,"18,500 / sq ft"
OWNER,1, 21 L,Dombivli (West),370,Under Construction,"5,675 / sq ft"
AGENT,2, 1.2 Cr,Malad East,950,Ready to move,"12,631 / sq ft"
OWNER,1, 66 L,Dahisar East,450,Ready to move,"14,666 / sq ft"
OWNER,1, 61 L,Kalwa,750,Ready to move,"8,133 / sq ft"
OWNER,1, 72.99 L,Airoli,525,Ready to move,"13,904 / sq ft"
OWNER,1, 14.5 L,Boisar,496,Under Construction,"2,923 / sq ft"
OWNER,1, 18.5 L,Boisar,647,Under Construction,"2,859 / sq ft"
OWNER,Residential Plot, 3 L,Ranjanpada Uran Panvel Road,1089,New,275 / sq ft
OWNER,3, 60 L,Chembur,900,Ready to move,"6,666 / sq ft"
OWNER,1, 11 L,Vevoor,400,Ready to move,"2,750 / sq ft"
OWNER,1, 45 L,Dombivali,600,Ready to move,"7,500 / sq ft"
OWNER,2, 1.47 Cr,Dahisar,581,Under Construction,"25,301 / sq ft"
OWNER,1, 34 L,Kalwa,530,Ready to move,"6,415 / sq ft"
OWNER,3, 65 L,Palava,675,Ready to move,"9,629 / sq ft"
AGENT,1, 86 L,Jogeshwari East,450,Ready to move,"19,111 / sq ft"
OWNER,3, 6.75 Cr,Cuffe Parade,1300,Ready to move,"51,923 / sq ft"
OWNER,1, 60 L,Sanpada,550,Ready to move,"10,909 / sq ft"
OWNER,1, 1.05 Cr,Ghatkopar East,750,Ready to move,"14,000 / sq ft"
OWNER,1, 55 L,Ulwe,665,Ready to move,"8,270 / sq ft"
AGENT,4, 3.45 Cr,Goregaon West,1700,Under Construction,"20,294 / sq ft"
OWNER,2, 1.98 Cr,Andheri West,708,Ready to move,"27,966 / sq ft"
OWNER,2, 2.3 Cr,Powai,1150,Ready to move,"20,000 / sq ft"
AGENT,3, 2.7 Cr,Malad West,1600,Under Construction,"16,875 / sq ft"
OWNER,1, 1.5 Cr,Santacruz East,600,Ready to move,"25,000 / sq ft"
OWNER,2, 2.35 Cr,Andheri West,925,Ready to move,"25,405 / sq ft"
OWNER,1, 90 L,Chembur,440,Ready to move,"20,454 / sq ft"
OWNER,1, 40 L,Bhayandar West,550,Ready to move,"7,272 / sq ft"
OWNER,1, 22 L,Dahisar West,250,Ready to move,"8,800 / sq ft"
OWNER,2, 1.37 Cr,Dahisar West,750,Ready to move,"18,266 / sq ft"
OWNER,2, 1.4 Cr,Andheri East,900,Ready to move,"15,555 / sq ft"
AGENT,1, 60 L,Thane West,350,Ready to move,"17,142 / sq ft"
AGENT,3, 2.85 Cr,Goregaon East,1500,Ready to move,"19,000 / sq ft"
AGENT,3, 3.1 Cr,Goregaon East,2000,Ready to move,"15,500 / sq ft"
AGENT,1, 61 L,Malad West,550,Ready to move,"11,090 / sq ft"
AGENT,3, 3.5 Cr,Goregaon East,1405,Ready to move,"24,911 / sq ft"
AGENT,1, 65 L,Malad West,365,Ready to move,"17,808 / sq ft"
AGENT,2, 2.5 Cr,Malad East,700,Ready to move,"35,714 / sq ft"
AGENT,2, 1.8 Cr,Andheri West,750,Ready to move,"24,000 / sq ft"
AGENT,1, 1.6 Cr,Khar West,400,Ready to move,"40,000 / sq ft"
AGENT,2, 2.02 Cr,Goregaon East,1190,Ready to move,"16,974 / sq ft"
AGENT,2, 1.6 Cr,Andheri West,800,Ready to move,"20,000 / sq ft"
AGENT,2, 1.7 Cr,Kandivali West,830,Ready to move,"20,481 / sq ft"
AGENT,2, 1.4 Cr,Malad East,850,Ready to move,"16,470 / sq ft"
AGENT,2, 2.55 Cr,Prabhadevi,800,Ready to move,"31,875 / sq ft"
AGENT,2, 5.5 Cr,Malabar Hill,1030,Ready to move,"53,398 / sq ft"
AGENT,3, 4.1 Cr,Goregaon East,1862,Ready to move,"22,019 / sq ft"
AGENT,2, 1.7 Cr,Chembur,1050,Ready to move,"16,190 / sq ft"
AGENT,5, 5.8 Cr,Goregaon East,3000,Ready to move,"19,333 / sq ft"
AGENT,1, 1.28 Cr,Chembur,950,Ready to move,"13,473 / sq ft"
AGENT,3, 3 Cr,Andheri West,1792,Ready to move,"16,741 / sq ft"
AGENT,3, 2.25 Cr,Goregaon East,1330,Ready to move,"16,917 / sq ft"
AGENT,1, 1 Cr,Goregaon East,600,Ready to move,"16,666 / sq ft"
AGENT,2, 1.35 Cr,Goregaon East,970,Ready to move,"13,917 / sq ft"
AGENT,3, 3.1 Cr,Goregaon East,1456,Ready to move,"21,291 / sq ft"
AGENT,3, 3.7 Cr,Malad East,2310,Ready to move,"16,017 / sq ft"
AGENT,2, 1.6 Cr,Andheri East,900,Ready to move,"17,777 / sq ft"
AGENT,2, 1.8 Cr,Goregaon East,1050,Ready to move,"17,142 / sq ft"
AGENT,2, 1.8 Cr,Malad East,1155,Ready to move,"15,584 / sq ft"
AGENT,3, 8 Cr,vile parle west,2560,Ready to move,"31,250 / sq ft"
AGENT,2, 1.35 Cr,Borivali West,742,Ready to move,"18,194 / sq ft"
AGENT,2, 2 Cr,Ambivali,1095,Ready to move,"18,264 / sq ft"
AGENT,2, 1.49 Cr,Goregaon East,916,Ready to move,"16,266 / sq ft"
AGENT,3, 3.5 Cr,Malad East,2310,Ready to move,"15,151 / sq ft"
AGENT,2, 2.2 Cr,Goregaon East,1290,Ready to move,"17,054 / sq ft"
AGENT,1, 1.15 Cr,Malad East,630,Ready to move,"18,253 / sq ft"
AGENT,2, 1.45 Cr,Malad West,1125,Ready to move,"12,888 / sq ft"
AGENT,4, 3.85 Cr,Goregaon East,1660,Ready to move,"23,192 / sq ft"
AGENT,2, 2.25 Cr,Goregaon East,1290,Ready to move,"17,441 / sq ft"
AGENT,3, 2.2 Cr,Malad East,1520,Ready to move,"14,473 / sq ft"
AGENT,2, 1.8 Cr,Malad East,1232,Ready to move,"14,610 / sq ft"
OWNER,3, 1.9 Cr,Thane West,1680,Ready to move,"11,309 / sq ft"
OWNER,1, 65 L,Bhayandar West,605,Ready to move,"10,743 / sq ft"
OWNER,1, 27 L,Powai,250,Ready to move,"10,800 / sq ft"
OWNER,1, 1 Cr,Jogeshwari West,635,Ready to move,"15,748 / sq ft"
OWNER,1, 65 L,Mulund West,320,Ready to move,"20,312 / sq ft"
OWNER,1, 97 L,Goregaon West,580,Ready to move,"16,724 / sq ft"
OWNER,1, 40 L,Kumbharkhan Pada,605,Ready to move,"6,611 / sq ft"
OWNER,2, 1.75 Cr,Andheri West,680,Ready to move,"25,735 / sq ft"
AGENT,2, 2.1 Cr,Malad West,1000,Ready to move,"21,000 / sq ft"
OWNER,1, 26.08 L,Ambernath East,640,Ready to move,"4,075 / sq ft"
OWNER,2, 65 L,Mira Road East,730,Ready to move,"8,904 / sq ft"
OWNER,1, 24.5 L,Santosh Nagar,560,Ready to move,"4,375 / sq ft"
OWNER,1, 35 L,Kamothe,425,Ready to move,"8,235 / sq ft"
OWNER,2, 1.1 Cr,Kandivali East,537,Ready to move,"20,484 / sq ft"
AGENT,2, 1.75 Cr,Malad West,1200,Under Construction,"14,583 / sq ft"
OWNER,1, 24 L,Badlapur East,680,Ready to move,"3,529 / sq ft"
OWNER,1, 33.59 L,Karanjade,600,Under Construction,"5,598 / sq ft"
OWNER,1, 1.1 Cr,Mulund West,600,Ready to move,"18,333 / sq ft"
OWNER,1, 27 L,Badlapur West,685,Ready to move,"3,941 / sq ft"
OWNER,1, 95 L,Bandra East,300,Ready to move,"31,666 / sq ft"
OWNER,1, 48 L,Dombivali,675,Ready to move,"7,111 / sq ft"
OWNER,2, 2.1 Cr,Mahim,625,Ready to move,"33,600 / sq ft"
OWNER,1, 85 L,Bhandup West,590,Ready to move,"14,406 / sq ft"
OWNER,2, 30 L,Mulund East,630,Ready to move,"4,761 / sq ft"
OWNER,1, 18.5 L,Virar East,485,Ready to move,"3,814 / sq ft"
OWNER,1, 42 L,Bhayandar East,535,Ready to move,"7,850 / sq ft"
OWNER,2, 32 L,Dombivali,800,Ready to move,"4,000 / sq ft"
OWNER,1, 19 L,Badlapur West,550,Ready to move,"3,454 / sq ft"
OWNER,1, 27.7 L,Bhiwandi,382,Under Construction,"7,251 / sq ft"
OWNER,2, 1.75 Cr,Borivali West,900,Ready to move,"19,444 / sq ft"
OWNER,1, 65 L,Borivali West,425,Ready to move,"15,294 / sq ft"
OWNER,2, 85 L,Koper Khairane,1100,Ready to move,"7,727 / sq ft"
OWNER,3, 3.2 Cr,Thane West,1600,Ready to move,"20,000 / sq ft"
OWNER,3, 3.25 Cr,Vartak Nagar,1600,Ready to move,"20,312 / sq ft"
OWNER,3, 3.2 Cr,Vartak Nagar,1600,Ready to move,"20,000 / sq ft"
OWNER,1, 65 L,Borivali West,425,Ready to move,"15,294 / sq ft"
OWNER,1, 28.5 L,Dombivali East,420,Ready to move,"6,785 / sq ft"
OWNER,2, 1.4 Cr,Goregaon West,1800,Ready to move,"7,777 / sq ft"
OWNER,2, 1.6 Cr,Kurla West,1079,Ready to move,"14,828 / sq ft"
OWNER,1, 45 L,Kalu Nagar,620,Ready to move,"7,258 / sq ft"
OWNER,2, 36 L,Boisar,900,Ready to move,"4,000 / sq ft"
OWNER,1, 12 L,Shahapur,500,Under Construction,"2,400 / sq ft"
OWNER,1, 1.1 Cr,Jogeshwari East,565,Ready to move,"19,469 / sq ft"
OWNER,1, 45 L,Santacruz East,308,Ready to move,"14,610 / sq ft"
OWNER,1, 31.35 L,Vasai east,660,Under Construction,"4,750 / sq ft"
OWNER,1, 1.21 Cr,Jogeshwari West,401,Ready to move,"30,174 / sq ft"
OWNER,1, 27.5 L,Badlapur East,640,Ready to move,"4,296 / sq ft"
OWNER,1, 66 L,Hiranandani Estates,630,Ready to move,"10,476 / sq ft"
OWNER,2, 2.1 Cr,Mahim,625,Ready to move,"33,600 / sq ft"
OWNER,1, 14 L,Done,540,Ready to move,"2,592 / sq ft"
OWNER,1, 19 L,Badlapur West,550,Ready to move,"3,454 / sq ft"
OWNER,1, 27.7 L,Bhiwandi,382,Under Construction,"7,251 / sq ft"
OWNER,2, 1.75 Cr,Borivali West,900,Ready to move,"19,444 / sq ft"
OWNER,1, 65 L,Borivali West,425,Ready to move,"15,294 / sq ft"
OWNER,2, 85 L,Koper Khairane,1100,Ready to move,"7,727 / sq ft"
OWNER,3, 3.2 Cr,Thane West,1600,Ready to move,"20,000 / sq ft"
OWNER,3, 3.25 Cr,Vartak Nagar,1600,Ready to move,"20,312 / sq ft"
OWNER,3, 3.2 Cr,Vartak Nagar,1600,Ready to move,"20,000 / sq ft"
OWNER,1, 65 L,Borivali West,425,Ready to move,"15,294 / sq ft"
OWNER,1, 28.5 L,Dombivali East,420,Ready to move,"6,785 / sq ft"
OWNER,3, 1.65 Cr,Thane West,1066,Under Construction,"15,478 / sq ft"
OWNER,1, 48 L,Dombivali,675,Ready to move,"7,111 / sq ft"
OWNER,2, 1.5 Cr,Thane West,802,Under Construction,"18,703 / sq ft"
OWNER,2, 68 L,Kharghar,1050,Ready to move,"6,476 / sq ft"
OWNER,2, 1 Cr,Thane West,875,Ready to move,"11,428 / sq ft"
OWNER,5, 12 Cr,Andheri West,2900,Ready to move,"41,379 / sq ft"
